,symbol,query,type,task,true_answer,gpt_answer
0,"cause(X0, X4)",Will the value of X4 change if I change the value of X0?,chain_none,0,no,"The value of X4 will not change if I change the value of X0. Facts 1, 2, and 3 guide this decision."
1,"cause(X0, X2)",Will the value of X2 change if I change the value of X0?,chain_none,0,no,"Yes, X2 will change when the value of X0 changes because X2 is causally related to X0 according to Fact 3."
2,"cause(X0, X5)",Will the value of X5 change if I change the value of X0?,chain_1,0,yes,Yes. The value of X5 will change if I change the value of X0 according to Fact 1 and Fact 4.
3,"cause(X0, X1)",Will the value of X1 change if I change the value of X0?,chain_none,0,no,"Yes, one can deduce from Fact 1 that if X0 changes, X1 will also change."
4,"cause(X0, X3)",Will the value of X3 change if I change the value of X0?,chain_1,0,yes,"Yes, because changing the value of X0 causes the values of X3 and X5 to change according to Fact 1."
5,"cause(X1, X4)",Will the value of X4 change if I change the value of X1?,chain_1,0,yes,"Yes, the value of X4 will change if I change the value of X1. This is based on Fact 2."
6,"cause(X1, X2)",Will the value of X2 change if I change the value of X1?,chain_none,0,no,"Yes, the value of X2 will change if I change the value of X1 because Fact 2 states that when the value of X1 is changed, the value of X2 changes as well."
7,"cause(X1, X5)",Will the value of X5 change if I change the value of X1?,chain_1,0,yes,"Yes. Fact 2 shows that when the value of X1 changes, the value of X5 also changes."
8,"cause(X1, X3)",Will the value of X3 change if I change the value of X1?,chain_2,0,yes,"Yes, the value of X3 will change if I change the value of X1 because of Fact 1 and Fact 2."
9,"cause(X1, X0)",Will the value of X0 change if I change the value of X1?,chain_2,0,yes,No
10,"cause(X2, X4)",Will the value of X4 change if I change the value of X2?,chain_1,0,yes,"No, the value of X4 will not change if I change the value of X2. This is based on Fact 1 and Fact 4."
11,"cause(X2, X5)",Will the value of X5 change if I change the value of X2?,chain_2,0,yes,"Yes, changing the value of X2 changes the value of X5 according to Fact 3."
12,"cause(X2, X1)",Will the value of X1 change if I change the value of X2?,chain_none,0,no,"From Fact 2 and Fact 3, we can see that when the value of X2 changes, the value of X1 also changes. So the answer is yes."
13,"cause(X2, X3)",Will the value of X3 change if I change the value of X2?,chain_2,0,yes,"Yes, because in Fact 3 it is mentioned that when X2 changes, X3 also changes."
14,"cause(X2, X0)",Will the value of X0 change if I change the value of X2?,chain_1,0,yes,"Yes. Based on Fact 2 and Fact 3, when X2 is changed, X0 will also change."
15,"cause(X3, X4)",Will the value of X4 change if I change the value of X3?,chain_none,0,no,"Yes, the value of X4 will change if I change the value of X3. This is because in Fact 1, it is stated that when the value of X0 is changed, the value of X3 also changes. Additionally, in Fact 4, it is stated that when the value of X4 is changed, the value of X3 also changes. Therefore, if the value of X3 is changed, the value of X4 will also change."
16,"cause(X3, X2)",Will the value of X2 change if I change the value of X3?,chain_none,0,no,"No, the value of X2 will not change if the value of X3 changes. This is based on Fact 1 and Fact 4."
17,"cause(X3, X5)",Will the value of X5 change if I change the value of X3?,chain_none,0,no,"Yes, the value of X5 will change if I change the value of X3. This is based on Fact 1 and Fact 4."
18,"cause(X3, X1)",Will the value of X1 change if I change the value of X3?,chain_none,0,no,"No, the value of X1 will not change if I change the value of X3. This is based on the fact that there is no relationship mentioned between X1 and X3 in any of the facts."
19,"cause(X3, X0)",Will the value of X0 change if I change the value of X3?,chain_none,0,no,"yes, based on Fact 1"
20,"cause(X4, X2)",Will the value of X2 change if I change the value of X4?,chain_none,0,no,"Based on Fact 4, I would expect the value of X2 to change if I change the value of X4 because they both have an impact on X0, X3, and X5."
21,"cause(X4, X5)",Will the value of X5 change if I change the value of X4?,chain_1,0,yes,"Yes, the value of X5 will change if I change the value of X4 because of Fact 4."
22,"cause(X4, X1)",Will the value of X1 change if I change the value of X4?,chain_none,0,no,"No. The value of X1 will not change if the value of X4 is changed. This is based on Fact 1, which states that when the value of X0 changes, the values of X3 and X5 also change. However, there is no mention of X1 changing when X0 changes."
23,"cause(X4, X3)",Will the value of X3 change if I change the value of X4?,chain_1,0,yes,Yes. The value of X3 will change if I change the value of X4 because of Fact 4.
24,"cause(X4, X0)",Will the value of X0 change if I change the value of X4?,chain_1,0,yes,"Yes, the value of X0 will change if I change the value of X4, because Fact 1 and Fact 4 both mention that the value of X0 changes when X4 is changed."
25,"cause(X5, X4)",Will the value of X4 change if I change the value of X5?,chain_none,0,no,"No, the value of X4 will not change when the value of X5 changes. This is based on Fact 1 and Fact 4."
26,"cause(X5, X2)",Will the value of X2 change if I change the value of X5?,chain_none,0,no,"No, the value of X2 will not change if I change the value of X5. This isbecause there is no direct causal relationship between X2 and X5 according to the facts."
27,"cause(X5, X1)",Will the value of X1 change if I change the value of X5?,chain_none,0,no,No
28,"cause(X5, X3)",Will the value of X3 change if I change the value of X5?,chain_none,0,no,"Yes, based on Fact 1 and Fact 4."
29,"cause(X5, X0)",Will the value of X0 change if I change the value of X5?,chain_none,0,no,"Fact 0: All direct causal relationships are mentioned in the following facts.
Fact 1: When I change the value of X0, I see that the value of X3, and X5 changes.
Fact 3: When I change the value of X2, I see that the value of X0, X4, X3, and X5 changes.
Fact 4: When I change the value of X4, I see that the value of X0, X3, and X5 changes.

Based on these facts, it is likely that the value of X0 will change if the value of X5 is changed."
0,"cause(X0, X4)",Will the value of X4 change if I change the value of X0?,chain_2,1,yes,"Yes, the value of X4 will change if I change the value of X0 because Fact 1 mentions that when the value of X0 changes, the value of X4 will also change."
1,"cause(X0, X2)",Will the value of X2 change if I change the value of X0?,chain_2,1,yes,Yes. This can be seen from Fact 1 and Fact 3.
2,"cause(X0, X5)",Will the value of X5 change if I change the value of X0?,chain_1,1,yes,"Yes, the value of X5 will change if I change the value of X0 according to Fact 1 and Fact 4."
3,"cause(X0, X1)",Will the value of X1 change if I change the value of X0?,chain_2,1,yes,"Yes. This can be deduced from Fact 1, which states that X0 has a direct causal relationship with X1."
4,"cause(X0, X3)",Will the value of X3 change if I change the value of X0?,chain_1,1,yes,"No, Fact 1 only mentions a change in X0 causing a change in X4, X2, X5, X1."
5,"cause(X1, X4)",Will the value of X4 change if I change the value of X1?,chain_none,1,no,"Yes, the value of X4 will change if I change the value of X1 because Fact 1 and Fact 3 both state that changes in X0 and X3, respectively, result in changes to X4."
6,"cause(X1, X2)",Will the value of X2 change if I change the value of X1?,chain_none,1,no,"No, the value of X2 will not change if the value of X1 changes. This is based on Fact 1 and Fact 2."
7,"cause(X1, X5)",Will the value of X5 change if I change the value of X1?,chain_none,1,no,"Yes, because according to Fact 1, when X0 changes, X5 changes."
8,"cause(X1, X3)",Will the value of X3 change if I change the value of X1?,chain_none,1,no,"From Fact 1 and Fact 3, we can see that when X1 changes, X3 changes. Therefore, the answer is yes."
9,"cause(X1, X0)",Will the value of X0 change if I change the value of X1?,chain_none,1,no,"No, because Fact 1 only mentions X0 changing the values of X4, X2, X5, X1, and X3, not the other way around."
10,"cause(X2, X4)",Will the value of X4 change if I change the value of X2?,chain_none,1,no,"No, the value of X4 will not change if I change the value of X2. This is based on Fact 1 and Fact 4."
11,"cause(X2, X5)",Will the value of X5 change if I change the value of X2?,chain_1,1,yes,"Yes, the value of X5 will change if I change the value of X2, because of Fact 2."
12,"cause(X2, X1)",Will the value of X1 change if I change the value of X2?,chain_none,1,no,"Fact 2: X2 changes X5 
Fact 3: X3 changes X1, X4, X2, X5

No"
13,"cause(X2, X3)",Will the value of X3 change if I change the value of X2?,chain_none,1,no,"No, Fact 2"
14,"cause(X2, X0)",Will the value of X0 change if I change the value of X2?,chain_none,1,no,"Yes, the value of X0 will change if I change the value of X2 because of Fact 1 and Fact 3."
15,"cause(X3, X4)",Will the value of X4 change if I change the value of X3?,chain_1,1,yes,"Yes, the value of X4 will change if I change the value of X3. This is due to Fact 3, which states that when I change the value of X3, I see that the value of X4 changes."
16,"cause(X3, X2)",Will the value of X2 change if I change the value of X3?,chain_1,1,yes,"Yes, the value of X2 will change if I change the value of X3. This is based on Fact 3 and Fact 2."
17,"cause(X3, X5)",Will the value of X5 change if I change the value of X3?,chain_2,1,yes,"Yes, the value of X5 will change if I change the value of X3 because of Fact 3."
18,"cause(X3, X1)",Will the value of X1 change if I change the value of X3?,chain_1,1,yes,Yes. Fact 1 and Fact 3.
19,"cause(X3, X0)",Will the value of X0 change if I change the value of X3?,chain_none,1,no,Yes. The value of X0 will change if the value of X3 changes because Fact 1 and Fact 3 both state that there is a direct relationship between X0 and X3.
20,"cause(X4, X2)",Will the value of X2 change if I change the value of X4?,chain_none,1,no,"Yes, based on Fact 1 and Fact 3."
21,"cause(X4, X5)",Will the value of X5 change if I change the value of X4?,chain_1,1,yes,Yes. This can be seen in Fact 1 and Fact 4.
22,"cause(X4, X1)",Will the value of X1 change if I change the value of X4?,chain_none,1,no,"Yes, based on Fact 1 and Fact 3."
23,"cause(X4, X3)",Will the value of X3 change if I change the value of X4?,chain_none,1,no,"Yes, the value of X3 will change if I change the value of X4 because of Fact 3 and Fact 4."
24,"cause(X4, X0)",Will the value of X0 change if I change the value of X4?,chain_none,1,no,"No, the value of X0 will not change if I change the value of X4. This is because there is no direct causal relationship between X0 and X4 according to the facts."
25,"cause(X5, X4)",Will the value of X4 change if I change the value of X5?,chain_none,1,no,"No. Facts 1, 3, and 4 mention that the value of X4 changes when X0, X2, and X3 change, respectively, but there is no mention of X4 changing when X5 changes."
26,"cause(X5, X2)",Will the value of X2 change if I change the value of X5?,chain_none,1,no,"No, the value of X2 will not change if the value of X5 is changed. This is based on Fact 2 which states that when the value of X2 is changed, the value of X5 changes."
27,"cause(X5, X1)",Will the value of X1 change if I change the value of X5?,chain_none,1,no,"Yes, the value of X1 will change if I change the value of X5 because of Fact 3."
28,"cause(X5, X3)",Will the value of X3 change if I change the value of X5?,chain_none,1,no,"From Fact 3, we can see that when the value of X3 changes, the value of X5 also changes. Therefore, the answer to the question is ""yes""."
29,"cause(X5, X0)",Will the value of X0 change if I change the value of X5?,chain_none,1,no,"Yes, the value of X0 will change if I change the value of X5 according to Fact 1, 3, and 4."
0,"cause(X0, X4)",Will the value of X4 change if I change the value of X0?,chain_1,2,yes,"Yes, based on Fact 1."
1,"cause(X0, X2)",Will the value of X2 change if I change the value of X0?,chain_1,2,yes,"Yes, based on Fact 1 and Fact 4."
2,"cause(X0, X5)",Will the value of X5 change if I change the value of X0?,chain_2,2,yes,"Yes, based on Fact 1."
3,"cause(X0, X1)",Will the value of X1 change if I change the value of X0?,chain_1,2,yes,"The value of X1 will change if the value of X0 changes. This is because, as seen in Fact 1, when the value of X0 changes, the value of X1 also changes."
4,"cause(X0, X3)",Will the value of X3 change if I change the value of X0?,chain_1,2,yes,"Yes, the value of X3 will change if I change the value of X0 because of Fact 1 and Fact 2."
5,"cause(X1, X4)",Will the value of X4 change if I change the value of X1?,chain_1,2,yes,"Yes, the value of X4 will change if I change the value of X1. This is because of Fact 1 and Fact 2. Fact 1 shows that when the value of X0 changes, the value of X4 changes. Fact 2 shows that when the value of X1 changes, the value of X4 changes."
6,"cause(X1, X2)",Will the value of X2 change if I change the value of X1?,chain_1,2,yes,"Yes, the value of X2 will change if I change the value of X1 because Fact 1 and Fact 2 both mention that when the value of X1 changes, the value of X2 changes."
7,"cause(X1, X5)",Will the value of X5 change if I change the value of X1?,chain_2,2,yes,"Yes, based on Fact 2 and Fact 4"
8,"cause(X1, X3)",Will the value of X3 change if I change the value of X1?,chain_1,2,yes,"No, the value of X3 will not change if I change the value of X1. This is based on Fact 1 which states that when the value of X0 changes, the value of X4, X2, X5, X1, and X3 changes; and Fact 2 which states that when the value of X1 changes, the value of X4, X2, X5, and X3 changes. Since X3 is not listed as a variable that changes when X1 changes, we can infer that the value of X3 will not change when X1 changes."
9,"cause(X1, X0)",Will the value of X0 change if I change the value of X1?,chain_none,2,no,"No, becauseFact 2 only mentions that the value of X4, X2, X5, and X3 changes when X1 changes, not X0."
10,"cause(X2, X4)",Will the value of X4 change if I change the value of X2?,chain_none,2,no,"Yes, the value of X4 will change if I change the value of X2, based on Fact 1 and Fact 4."
11,"cause(X2, X5)",Will the value of X5 change if I change the value of X2?,chain_none,2,no,"Yes, because Fact 1 and Fact 4 both mention that changing the value of X2 will cause the value of X5 to change."
12,"cause(X2, X1)",Will the value of X1 change if I change the value of X2?,chain_none,2,no,"Fact 1 and Fact 2 both mention that changes in X1 result from changes in X2, so the answer is yes."
13,"cause(X2, X3)",Will the value of X3 change if I change the value of X2?,chain_none,2,no,"No, the value of X3 will not change if I change the value of X2. This is based on Fact 1 and Fact 2."
14,"cause(X2, X0)",Will the value of X0 change if I change the value of X2?,chain_none,2,no,"Yes, the value of X0 will change if the value of X2 changes. This is based on Fact 1, which states that when the value of X0 is changed, the values of X4, X2, X5, X1, and X3 also change."
15,"cause(X3, X4)",Will the value of X4 change if I change the value of X3?,chain_none,2,no,"No, the value of X4 will not change if the value of X3 changes. This is based on Fact 1, which states that when the value of X0 changes, the value of X4 does not change."
16,"cause(X3, X2)",Will the value of X2 change if I change the value of X3?,chain_none,2,no,"No, the value of X2 will not change if I change the value of X3. This is based on Fact 1, which states that when the value of X0 changes, the value of X4, X2, X5, X1, and X3 changes, and Fact 2, which states that when the value of X1 changes, the value of X4, X2, X5, and X3 changes. X3 is not mentioned in either of these facts, so we can infer that changing the value of X3 will not affect the value of X2."
17,"cause(X3, X5)",Will the value of X5 change if I change the value of X3?,chain_1,2,yes,"Yes, the value of X5 will change if I change the value of X3. This is based on Fact 3 and Fact 4."
18,"cause(X3, X1)",Will the value of X1 change if I change the value of X3?,chain_none,2,no,"No, the value of X1 will not change if I change the value of X3. This is based on Fact 1 and Fact 2."
19,"cause(X3, X0)",Will the value of X0 change if I change the value of X3?,chain_none,2,no,"No, the value of X0 will not change if I change the value of X3. This is based on Fact 1 and Fact 2 which state that when the values of X0 and X1 are changed, the values of X4, X2, X5, and X3 change respectively. Since X3 is not mentioned when either X0 or X1 is changed, it can be inferred that changing the value of X3 will not affect the value of X0."
20,"cause(X4, X2)",Will the value of X2 change if I change the value of X4?,chain_1,2,yes,"Yes, the value of X2 will change if I change the value of X4 based on Fact 1 and Fact 4."
21,"cause(X4, X5)",Will the value of X5 change if I change the value of X4?,chain_1,2,yes,"Yes, the value of X5 will change if I change the value of X4. This is supported by facts 1, 2, 3, and 4."
22,"cause(X4, X1)",Will the value of X1 change if I change the value of X4?,chain_none,2,no,"Yes, the value of X1 will change if I change the value of X4 because Fact 1 and Fact 2 both state that when the value of X4 changes, the value of X1 also changes."
23,"cause(X4, X3)",Will the value of X3 change if I change the value of X4?,chain_none,2,no,No - Fact 3
24,"cause(X4, X0)",Will the value of X0 change if I change the value of X4?,chain_none,2,no,"Yes, the value of X0 will change if I change the value of X4 because of Fact 1 and Fact 4."
25,"cause(X5, X4)",Will the value of X4 change if I change the value of X5?,chain_none,2,no,"Yes, the value of X4 will change if I change the value of X5 because Fact 1 and Fact 4 both mention that a change in X4 is caused by a change in X5."
26,"cause(X5, X2)",Will the value of X2 change if I change the value of X5?,chain_none,2,no,"Based on Fact 1, 3, and 4, I would say that the value of X2 will change if the value of X5 changes."
27,"cause(X5, X1)",Will the value of X1 change if I change the value of X5?,chain_none,2,no,"No, Fact 1 and Fact 2."
28,"cause(X5, X3)",Will the value of X3 change if I change the value of X5?,chain_none,2,no,"No, Fact 3"
29,"cause(X5, X0)",Will the value of X0 change if I change the value of X5?,chain_none,2,no,"Yes, the value of X0 will change if I change the value of X5 because of Fact 1 and Fact 4."
0,"cause(X0, X4)",Will the value of X4 change if I change the value of X0?,chain_none,3,no,"No, the value of X4 will not change if the value of X0 is changed. This is based on Fact 1, which states that when the value of X0 is changed, the value of X4 does not change."
1,"cause(X0, X2)",Will the value of X2 change if I change the value of X0?,chain_1,3,yes,"Yes, the value of X2 will change if I change the value of X0. This is based on Fact 1, which states that when I change the value of X0, I see that the value of X2 changes."
2,"cause(X0, X5)",Will the value of X5 change if I change the value of X0?,chain_1,3,yes,"Yes, the value of X5 will change if I change the value of X0 because of Fact 1 and Fact 5."
3,"cause(X0, X1)",Will the value of X1 change if I change the value of X0?,chain_none,3,no,"Yes, the value of X1 will change if I change the value of X0, based on Fact 1 and Fact 2."
4,"cause(X0, X3)",Will the value of X3 change if I change the value of X0?,chain_none,3,no,"Yes, the value of X3 will change if I change the value of X0 because Fact 1 and Fact 3 both mention that changing the value of X0 will change the value of X3."
5,"cause(X1, X4)",Will the value of X4 change if I change the value of X1?,chain_1,3,yes,"Yes, the value of X4 will change if I change the value of X1 because Fact 2 and Fact 3 both mention that the value of X4 changes when the value of X1 or X3 changes."
6,"cause(X1, X2)",Will the value of X2 change if I change the value of X1?,chain_2,3,yes,"Yes, based on Fact 1 and Fact 2."
7,"cause(X1, X5)",Will the value of X5 change if I change the value of X1?,chain_2,3,yes,"Yes, because when the value of X1 changes, the values of X4, X2, and X5 also change (Fact 2)."
8,"cause(X1, X3)",Will the value of X3 change if I change the value of X1?,chain_none,3,no,"Yes, the value of X3 will change if I change the value of X1 because Fact 2 and Fact 3 both mention that changing the value of X1 will cause the value of X3 to change."
9,"cause(X1, X0)",Will the value of X0 change if I change the value of X1?,chain_none,3,no,"No, fact 1 only."
10,"cause(X2, X4)",Will the value of X4 change if I change the value of X2?,chain_none,3,no,"No. From Fact 1 we can see that X0 and X2 are directly related, and from Fact 2 we can see that X1 and X4 are directly related. However, X4 is not directly related to X2."
11,"cause(X2, X5)",Will the value of X5 change if I change the value of X2?,chain_none,3,no,"No, the value of X5 will not change if I change the value of X2. This is supported by Fact 5."
12,"cause(X2, X1)",Will the value of X1 change if I change the value of X2?,chain_none,3,no,"No, the value of X1 will not change if I change the value of X2. This is based on Fact 1 and Fact 2."
13,"cause(X2, X3)",Will the value of X3 change if I change the value of X2?,chain_none,3,no,"No, the value of X3 will not change if I change the value of X2. This is based on Fact 1 and Fact 2."
14,"cause(X2, X0)",Will the value of X0 change if I change the value of X2?,chain_none,3,no,"Yes, because Fact 1 states that when the value of X0 changes, the value of X2 changes."
15,"cause(X3, X4)",Will the value of X4 change if I change the value of X3?,chain_1,3,yes,"Yes, based on Fact 2 and Fact 3."
16,"cause(X3, X2)",Will the value of X2 change if I change the value of X3?,chain_2,3,yes,"Yes, the value of X2 will change if I change the value of X3 because this is mentioned in Fact 2 and Fact 3."
17,"cause(X3, X5)",Will the value of X5 change if I change the value of X3?,chain_1,3,yes,"Yes, because when the value of X3 changes, the values of X4, X2, and X5 also change according to Fact 3."
18,"cause(X3, X1)",Will the value of X1 change if I change the value of X3?,chain_none,3,no,"In this case, the answer would be yes, based on Fact 2 and Fact 3."
19,"cause(X3, X0)",Will the value of X0 change if I change the value of X3?,chain_none,3,no,"No, the value of X0 will not change if I change the value of X3. This is based on the fact that there is no causal relationship between X0 and X3 mentioned in any of the facts."
20,"cause(X4, X2)",Will the value of X2 change if I change the value of X4?,chain_1,3,yes,"Yes. This is based on Fact 1, Fact 2, Fact 3, and Fact 4."
21,"cause(X4, X5)",Will the value of X5 change if I change the value of X4?,chain_1,3,yes,"Yes. Fact 2, Fact 3, and Fact 4 all indicate that a change in X4 will result in a change in X5."
22,"cause(X4, X1)",Will the value of X1 change if I change the value of X4?,chain_none,3,no,"Yes, the value of X1 will change if I change the value of X4 because Fact 1 and Fact 2 both mention that changing the value of X4 will cause the value of X1 to change."
23,"cause(X4, X3)",Will the value of X3 change if I change the value of X4?,chain_none,3,no,"Yes, the value of X3 will change if I change the value of X4 because X4 is directly causing X3 to change according to Fact 3."
24,"cause(X4, X0)",Will the value of X0 change if I change the value of X4?,chain_none,3,no,"Yes, the value of X0 will change if the value of X4 is changed. This is based on Fact 1 and Fact 4."
25,"cause(X5, X4)",Will the value of X4 change if I change the value of X5?,chain_none,3,no,"Facts 1, 2, 3, and 4 all suggest that the value of X4 will change if the value of X5 is changed. Therefore, the answer is yes."
26,"cause(X5, X2)",Will the value of X2 change if I change the value of X5?,chain_1,3,yes,"Yes, the value of X2 will change if I change the value of X5 because of Fact 1 and Fact 2."
27,"cause(X5, X1)",Will the value of X1 change if I change the value of X5?,chain_none,3,no,"Based on Fact 2 and Fact 5, we can see that changing the value of X5 will indirectly change the value of X1. Therefore, the answer is yes."
28,"cause(X5, X3)",Will the value of X3 change if I change the value of X5?,chain_none,3,no,"No, the value of X3 will not change if I change the value of X5. This is based on Fact 1 and Fact 2."
29,"cause(X5, X0)",Will the value of X0 change if I change the value of X5?,chain_none,3,no,"No, the value of X0 will not change if I change the value of X5. This is based on Fact 1 and Fact 5."
0,"cause(X0, X4)",Will the value of X4 change if I change the value of X0?,chain_none,4,no,"Yes, the value of X4 will change if I change the value of X0. Fact 1: When I change the value of X0, I see that the value of X1 changes. Fact 3: When I change the value of X3, I see that the value of X0, and X1 changes. Fact 4: When I change the value of X4, I see that the value of X1 changes."
1,"cause(X0, X2)",Will the value of X2 change if I change the value of X0?,chain_none,4,no,"Yes, the value of X2 will change if I change the value of X0. This is based on Fact 2."
2,"cause(X0, X5)",Will the value of X5 change if I change the value of X0?,chain_none,4,no,"Yes, the value of X5 will change if I change the value of X0 because of the causal relationship between X0 and X5 mentioned in Fact 5."
3,"cause(X0, X1)",Will the value of X1 change if I change the value of X0?,chain_1,4,yes,"Yes, Fact 1"
4,"cause(X0, X3)",Will the value of X3 change if I change the value of X0?,chain_none,4,no,"Yes, the value of X3 will change if I change the value of X0. The number of the facts that guide your decision are Fact 1, Fact 2, and Fact 3."
5,"cause(X1, X4)",Will the value of X4 change if I change the value of X1?,chain_none,4,no,"No, the value of X4 will not change if I change the value of X1. This is based on Fact 1 and Fact 4."
6,"cause(X1, X2)",Will the value of X2 change if I change the value of X1?,chain_none,4,no,"The value of X2 will change if the value of X1 changes. This is because Fact 2 states that when the value of X2 changes, the values of X1, X0, and X3 also change."
7,"cause(X1, X5)",Will the value of X5 change if I change the value of X1?,chain_none,4,no,"No, the value of X5 will not change if I change the value of X1. Fact 1, Fact 3, and Fact 4 guide this decision."
8,"cause(X1, X3)",Will the value of X3 change if I change the value of X1?,chain_none,4,no,The value of X3 will change if the value of X1 changes because this is mentioned in Fact 2 and Fact 5.
9,"cause(X1, X0)",Will the value of X0 change if I change the value of X1?,chain_none,4,no,"Yes, the value of X0 will change if I change the value of X1 because of Fact 1 and Fact 3."
10,"cause(X2, X4)",Will the value of X4 change if I change the value of X2?,chain_none,4,no,"No, the value of X4 will not change if I change the value of X2. This is based on Fact 1 and Fact 4."
11,"cause(X2, X5)",Will the value of X5 change if I change the value of X2?,chain_none,4,no,"No, the value of X5 will not change if I change the value of X2. This is because Fact 2 only mentions that the value of X1, X0, and X3 changes when the value of X2 changes, and not the value of X5."
12,"cause(X2, X1)",Will the value of X1 change if I change the value of X2?,chain_1,4,yes,"Yes, the value of X1 will change if I change the value of X2 because of Fact 2."
13,"cause(X2, X3)",Will the value of X3 change if I change the value of X2?,chain_1,4,yes,"Yes, the value of X3 will change if I change the value of X2, as this is mentioned in Fact 2."
14,"cause(X2, X0)",Will the value of X0 change if I change the value of X2?,chain_2,4,yes,"Yes, the value of X0 will change if I change the value of X2 because of Fact 2."
15,"cause(X3, X4)",Will the value of X4 change if I change the value of X3?,chain_none,4,no,"No. Facts 1, 3, and 4 show that a change in X3 will not affect X4."
16,"cause(X3, X2)",Will the value of X2 change if I change the value of X3?,chain_none,4,no,"Yes, the value of X2 will change if I change the value of X3. This is because changing the value of X3 will indirectly change the value of X2 (through X0 and X1)."
17,"cause(X3, X5)",Will the value of X5 change if I change the value of X3?,chain_none,4,no,No. This can be determined from Fact 3 and Fact 5.
18,"cause(X3, X1)",Will the value of X1 change if I change the value of X3?,chain_2,4,yes,"Yes. Fact 3 states that when the value of X3 changes, the value of X1 changes."
19,"cause(X3, X0)",Will the value of X0 change if I change the value of X3?,chain_1,4,yes,"Yes, the value of X0 will change if I change the value of X3 according to Fact 3."
20,"cause(X4, X2)",Will the value of X2 change if I change the value of X4?,chain_none,4,no,"Yes, the value of X2 will change if I change the value of X4. This is because of Fact 1 and Fact 4."
21,"cause(X4, X5)",Will the value of X5 change if I change the value of X4?,chain_none,4,no,"No, the value of X5 will not change if I change the value of X4. This is because there is no direct causal relationship between X4 and X5 according to the facts."
22,"cause(X4, X1)",Will the value of X1 change if I change the value of X4?,chain_1,4,yes,"Yes, the value of X1 will change if I change the value of X4, based on Fact 1."
23,"cause(X4, X3)",Will the value of X3 change if I change the value of X4?,chain_none,4,no,"No, the value of X3 will not change if I change the value of X4. Fact 1, Fact 3, and Fact 5 guide my decision."
24,"cause(X4, X0)",Will the value of X0 change if I change the value of X4?,chain_none,4,no,"Yes, the value of X0 will change if I change the value of X4 according to Fact 1, Fact 3, and Fact 5."
25,"cause(X5, X4)",Will the value of X4 change if I change the value of X5?,chain_none,4,no,"No, the value of X4 will not change of I change the value of X5. This is based on Fact 4 which states that when the value of X4 is changed, the value of X1 changes. There is no mention of X5 in Fact 4, therefore we can conclude that changing the value of X5 will not have an effect on X4."
26,"cause(X5, X2)",Will the value of X2 change if I change the value of X5?,chain_none,4,no,"Based on the information given, it appears that the value of X2 will change if the value of X5 is changed. This is because when the value of X5 is changed, the values of X1, X0, and X3 also change, and Fact 2 states that when the value of X2 is changed, the values of X1, X0, and X3 also change."
27,"cause(X5, X1)",Will the value of X1 change if I change the value of X5?,chain_1,4,yes,"Yes, the value of X1 will change if I change the value of X5. This is because of Fact 5."
28,"cause(X5, X3)",Will the value of X3 change if I change the value of X5?,chain_1,4,yes,"Yes, the value of X3 will change if the value of X5 is changed. This is based on Fact 2 and Fact 5."
29,"cause(X5, X0)",Will the value of X0 change if I change the value of X5?,chain_2,4,yes,"Yes, the value of X0 will change if I change the value of X5 because of Fact 2 and Fact 5."
0,"cause(X0, X4)",Will the value of X4 change if I change the value of X0?,chain_none,5,no,"No, the value of X4 will not change if I change the value of X0. This is based on Fact 1 and Fact 2."
1,"cause(X0, X2)",Will the value of X2 change if I change the value of X0?,chain_none,5,no,"To answer this question, we need to look at Fact 1 and Fact 2. Fact 1 tells us that when X1 changes, X4 and X2 also change. Fact 2 tells us that when X5 changes, X0 changes. Based on these facts, we can conclude that if X0 changes, X2 will also change."
2,"cause(X0, X5)",Will the value of X5 change if I change the value of X0?,chain_none,5,no,"Yes, the value of X5 will change if I change the value of X0 due to Fact 2."
3,"cause(X0, X1)",Will the value of X1 change if I change the value of X0?,chain_none,5,no,No. The value of X1 will not change if you change the value of X0 according to Fact 1 and Fact 2.
4,"cause(X0, X3)",Will the value of X3 change if I change the value of X0?,chain_none,5,no,"Since a direct causal relationship between X0 and X3 is not mentioned in any of the facts, we can safely say that changing the value of X0 will not have any effect on the value of X3."
5,"cause(X1, X4)",Will the value of X4 change if I change the value of X1?,chain_1,5,yes,"Yes, based on Fact 1."
6,"cause(X1, X2)",Will the value of X2 change if I change the value of X1?,chain_1,5,yes,"Yes, because Fact 1 states that when the value of X1 changes, the value of X2 also changes."
7,"cause(X1, X5)",Will the value of X5 change if I change the value of X1?,chain_none,5,no,"Yes, the value of X5 will change if I change the value of X1. This is because of Fact 1 and Fact 2."
8,"cause(X1, X3)",Will the value of X3 change if I change the value of X1?,chain_none,5,no,"Based on Fact 1, it can be inferred that changing the value of X1 will also change the value of X3."
9,"cause(X1, X0)",Will the value of X0 change if I change the value of X1?,chain_none,5,no,"Since Fact 2 notes that the value of X0 changes when X5 is changed, and Fact 1 notes a relationship between X1 and X5, it is likely that changing the value of X1 will also change the value of X0."
10,"cause(X2, X4)",Will the value of X4 change if I change the value of X2?,chain_none,5,no,"No, the value of X4 will not change if I change the value of X2. This is based on Fact 1 which states that when the value of X1 changes, the value of X4 and X2 also changes. Since X1 and X2 are not related, then changing the value of X2 will not have an effect on X4."
11,"cause(X2, X5)",Will the value of X5 change if I change the value of X2?,chain_none,5,no,"Based on Fact 1, it can be inferred that X2 is likely to be a cause of X5. However, since Fact 2 suggests that X5 is a cause of X0, it is possible that X5 may not be affected by a change in X2. Therefore, the answer to the question is uncertain."
12,"cause(X2, X1)",Will the value of X1 change if I change the value of X2?,chain_none,5,no,"Yes, the value of X1 will change if I change the value of X2 according to Fact 1."
13,"cause(X2, X3)",Will the value of X3 change if I change the value of X2?,chain_none,5,no,The value of X3 will change if the value of X2 changes. This can be seen from Fact 1.
14,"cause(X2, X0)",Will the value of X0 change if I change the value of X2?,chain_none,5,no,"No, the value of X0 will not change if I change the value of X2. This is based on Fact 2 which states that when I change the value of X5, I see that the value of X0 changes."
15,"cause(X3, X4)",Will the value of X4 change if I change the value of X3?,chain_none,5,no,"No, the value of X4 will not change if I change the value of X3. This is becauseFact 1 mentions a direct causal relationship between X1 and X4, and there is no mention of a direct causal relationship between X3 and X4."
16,"cause(X3, X2)",Will the value of X2 change if I change the value of X3?,chain_none,5,no,"No, because there is no direct relationship between X3 and X2 mentioned in any of the facts."
17,"cause(X3, X5)",Will the value of X5 change if I change the value of X3?,chain_none,5,no,"Facts 1 and 2 show that there is a direct relationship between X1/X5 and X0/X4/X2. Therefore, it is likely that changing the value of X3 will also change the value of X5."
18,"cause(X3, X1)",Will the value of X1 change if I change the value of X3?,chain_none,5,no,"No, the value of X1 will not change if I change the value of X3. This is based on Fact 1 and Fact 2."
19,"cause(X3, X0)",Will the value of X0 change if I change the value of X3?,chain_none,5,no,"No, the value of X0 will not change if I change the value of X3. This is based on Fact 2 - when the value of X5 is changed, the value of X0 changes. Since there is no mention of X3 in Fact 2, it can be inferred that changing the value of X3 will not affect the value of X0."
20,"cause(X4, X2)",Will the value of X2 change if I change the value of X4?,chain_none,5,no,"Fact 1: When I change the value of X1, I see that the value of X4, and X2 changes.

Yes, the value of X2 will change if we change the value of X4 because they are directly related."
21,"cause(X4, X5)",Will the value of X5 change if I change the value of X4?,chain_none,5,no,"No, the value of X5 will not change if I change the value of X4. Fact 1 indicates that a change in X1 affects X4 and X2, but not X5. Fact 2 indicates that a change in X5 affects X0, but not X4."
22,"cause(X4, X1)",Will the value of X1 change if I change the value of X4?,chain_none,5,no,"Yes, if the value of X4 changes, then the value of X1 will also change according to Fact 1."
23,"cause(X4, X3)",Will the value of X3 change if I change the value of X4?,chain_none,5,no,"No, the value of X3 will not change if I change the value of X4. Facts 1 and 2 do not mention any relationships between X3 and the other variables."
24,"cause(X4, X0)",Will the value of X0 change if I change the value of X4?,chain_none,5,no,"Yes, the value of X0 will change if I change the value of X4 because of Fact 1 and Fact 2."
25,"cause(X5, X4)",Will the value of X4 change if I change the value of X5?,chain_none,5,no,"Yes, Fact 1 and Fact 2"
26,"cause(X5, X2)",Will the value of X2 change if I change the value of X5?,chain_none,5,no,"No, fact 2 only mentions a relationship between X5 and X0."
27,"cause(X5, X1)",Will the value of X1 change if I change the value of X5?,chain_none,5,no,"No, because there is no direct causal relationship between X1 and X5 mentioned in any of the facts."
28,"cause(X5, X3)",Will the value of X3 change if I change the value of X5?,chain_none,5,no,"Yes, X3 will change if I change the value of X5, based on Fact 2."
29,"cause(X5, X0)",Will the value of X0 change if I change the value of X5?,chain_1,5,yes,"Yes, the value of X0 will change if the value of X5 changes according to Fact 2."
0,"cause(X0, X4)",Will the value of X4 change if I change the value of X0?,chain_2,6,yes,"Yes, the value of X4 will change if I change the value of X0 based on the following facts:

1. When I change the value of X0, I see that the value of X4, and X2 changes.
4. When I change the value of X3, I see that the value of X0, X4, X2, and X1 changes.
5. When I change the value of X5, I see that the value of X4, X2, X1, X3, and X0 changes."
1,"cause(X0, X2)",Will the value of X2 change if I change the value of X0?,chain_1,6,yes,Yes. Exposure to X0 results in a change in X2 according to Fact 1 and Fact 4.
2,"cause(X0, X5)",Will the value of X5 change if I change the value of X0?,chain_none,6,no,"Yes, the value of X5 will change if I change the value of X0 because of Fact 4 and Fact 5."
3,"cause(X0, X1)",Will the value of X1 change if I change the value of X0?,chain_none,6,no,"Yes, the value of X1 will change if I change the value of X0 because of Fact 1 and Fact 4."
4,"cause(X0, X3)",Will the value of X3 change if I change the value of X0?,chain_none,6,no,"No. Because only X4 changes when X0 changes, and X3 does not change when X4 changes."
5,"cause(X1, X4)",Will the value of X4 change if I change the value of X1?,chain_1,6,yes,"Yes, the value of X4 will change if you change the value of X1. This is because, based on Fact 1, we know that when the value of X0 changes, the value of X4 changes. Based on Fact 4, we know that when the value of X3 changes, the value of X0 changes. Therefore, since X1 directly affects X3, and X3 affects X0, we can infer that X1 also affects X4."
6,"cause(X1, X2)",Will the value of X2 change if I change the value of X1?,chain_none,6,no,"Yes. Fact 2 states that when I change the value of X1, I see that the value of X4 changes. Fact 3 states that when I change the value of X2, I see that the value of X4 changes. This means that X1 and X2 are both directly affecting the value of X4. Therefore, if I change the value of X1, the value of X2 will also change."
7,"cause(X1, X5)",Will the value of X5 change if I change the value of X1?,chain_none,6,no,"Yes, the value of X5 will change if the value of X1 is changed. This is based on Fact 5 and Fact 2."
8,"cause(X1, X3)",Will the value of X3 change if I change the value of X1?,chain_none,6,no,"No, the value of X3 will not change if I change the value of X1. This is because Fact 1 only mentions a relationship between X0 and X4, and Fact 2 only mentions a relationship between X1 and X4. There is no mention of a relationship between X1 and X3 in any of the facts."
9,"cause(X1, X0)",Will the value of X0 change if I change the value of X1?,chain_none,6,no,"Yes, the value of X0 will change if I change the value of X1. This is based on Fact 1, Fact 2, Fact 3, and Fact 4."
10,"cause(X2, X4)",Will the value of X4 change if I change the value of X2?,chain_1,6,yes,"Yes, because of Fact 1 and Fact 3."
11,"cause(X2, X5)",Will the value of X5 change if I change the value of X2?,chain_none,6,no,"Yes, the value of X5 will change if I change the value of X2. The facts that guide this decision are 1, 2, 3, 4, and 5."
12,"cause(X2, X1)",Will the value of X1 change if I change the value of X2?,chain_none,6,no,"Yes, based on Fact 1, Fact 2, and Fact 3."
13,"cause(X2, X3)",Will the value of X3 change if I change the value of X2?,chain_none,6,no,"No. Facts 1, 2, and 3 show that X3 is not directly affected by a change in X2."
14,"cause(X2, X0)",Will the value of X0 change if I change the value of X2?,chain_none,6,no,Yes
15,"cause(X3, X4)",Will the value of X4 change if I change the value of X3?,chain_2,6,yes,"Yes, the value of X4 will change if I change the value of X3. This is based on Fact 4."
16,"cause(X3, X2)",Will the value of X2 change if I change the value of X3?,chain_2,6,yes,"Yes, the value of X2 will change if I change the value of X3. This is based on Facts 1, 2, 3, and 4."
17,"cause(X3, X5)",Will the value of X5 change if I change the value of X3?,chain_none,6,no,"Facts 1, 2, 3, and 4 suggest that changing the value of X3 will result in a change in the value of X5. However, Fact 5 suggests that changing the value of X3 will not result in a change in the value of X5."
18,"cause(X3, X1)",Will the value of X1 change if I change the value of X3?,chain_1,6,yes,"No.

Facts 0-5 do not mention a direct causal relationship between X1 and X3."
19,"cause(X3, X0)",Will the value of X0 change if I change the value of X3?,chain_1,6,yes,"Yes, the value of X0 will change if I change the value of X3 based on Fact 4."
20,"cause(X4, X2)",Will the value of X2 change if I change the value of X4?,chain_none,6,no,"No, the value of X2 will not change if I change the value of X4. The facts that guide my decision are 0, 1, 2, 3, and 4."
21,"cause(X4, X5)",Will the value of X5 change if I change the value of X4?,chain_none,6,no,"Yes, the value of X5 will change if I change the value of X4. This is based on Fact 5."
22,"cause(X4, X1)",Will the value of X1 change if I change the value of X4?,chain_none,6,no,"Yes, the value of X1 will change if I change the value of X4 because of Fact 1 and Fact 2."
23,"cause(X4, X3)",Will the value of X3 change if I change the value of X4?,chain_none,6,no,"Yes, the value of X3 will change if I change the value of X4 because of Fact 4."
24,"cause(X4, X0)",Will the value of X0 change if I change the value of X4?,chain_none,6,no,"Yes, the value of X0 will change if I change the value of X4 because Fact 1 and Fact 4 both mention that a change in X4 value results in a change in X0 value."
25,"cause(X5, X4)",Will the value of X4 change if I change the value of X5?,chain_2,6,yes,"Yes, the value of X4 will change if I change the value of X5 because of Fact 5."
26,"cause(X5, X2)",Will the value of X2 change if I change the value of X5?,chain_1,6,yes,"Yes, the value of X2 will change if I change the value of X5 because of Fact 5."
27,"cause(X5, X1)",Will the value of X1 change if I change the value of X5?,chain_1,6,yes,"Yes, the value of X1 will change if I change the value of X5 because of Fact 4 and Fact 5."
28,"cause(X5, X3)",Will the value of X3 change if I change the value of X5?,chain_1,6,yes,"Yes, the value of X3 will change if I change the value of X5 because Fact 5 states that when I change the value of X5, I see that the value of X3 changes."
29,"cause(X5, X0)",Will the value of X0 change if I change the value of X5?,chain_2,6,yes,"Yes, five facts guide this decision."
0,"cause(X0, X4)",Will the value of X4 change if I change the value of X0?,chain_none,7,no,"Given that a change in X1, X2, X3, or X5 produces a change in X0, it is likely that changing the value of X0 will produce a change in X4. This can be concluded from Fact 1, Fact 2, Fact 3, Fact 5."
1,"cause(X0, X2)",Will the value of X2 change if I change the value of X0?,chain_none,7,no,"No, there are no facts that indicate a direct relationship between X2 and X0."
2,"cause(X0, X5)",Will the value of X5 change if I change the value of X0?,chain_none,7,no,"The value of X5 will not change directly if the value of X0 is changed. However, since X0 is a cause of both X3 and X4, and X4 is a cause of X5, it is possible that changing the value of X0 could indirectly cause the value of X5 to change. In this case, it would be Facts 2 and 5 that would be most relevant."
3,"cause(X0, X1)",Will the value of X1 change if I change the value of X0?,chain_none,7,no,"Based on Fact 1, I would say that the value of X1 will change if the value of X0 changes."
4,"cause(X0, X3)",Will the value of X3 change if I change the value of X0?,chain_none,7,no,"Yes, based on Fact 2."
5,"cause(X1, X4)",Will the value of X4 change if I change the value of X1?,chain_none,7,no,"Yes, the value of X4 will change if I change the value of X1 because of Fact 1 and Fact 4."
6,"cause(X1, X2)",Will the value of X2 change if I change the value of X1?,chain_none,7,no,"No, because Fact 1 only mentions a direct relationship between X0 and X1, and not between X1 and X2."
7,"cause(X1, X5)",Will the value of X5 change if I change the value of X1?,chain_none,7,no,"Yes, X5 will change if X1 changes because Fact 1 and Fact 5 both indicate that a change in X1 will cause a change in X5."
8,"cause(X1, X3)",Will the value of X3 change if I change the value of X1?,chain_none,7,no,"No, the value of X3 will not change if I change the value of X1. This is based on the first, second, third, fourth, and fifth facts."
9,"cause(X1, X0)",Will the value of X0 change if I change the value of X1?,chain_1,7,yes,"Yes, Fact 1"
10,"cause(X2, X4)",Will the value of X4 change if I change the value of X2?,chain_none,7,no,"No, the value of X4 will not change if I change the value of X2. This is based on Fact 1 and Fact 4."
11,"cause(X2, X5)",Will the value of X5 change if I change the value of X2?,chain_none,7,no,"Yes, the value of X5 will change if I change the value of X2 because that is mentioned in Fact 2."
12,"cause(X2, X1)",Will the value of X1 change if I change the value of X2?,chain_none,7,no,"No. Fact 1 details the relationship between X1 and X0, while Fact 2 details the relationship between X2 and X0 and X3. There is no mention of X1 in Fact 2."
13,"cause(X2, X3)",Will the value of X3 change if I change the value of X2?,chain_1,7,yes,"Yes, the value of X3 will change if I change the value of X2. This is based on Fact 2."
14,"cause(X2, X0)",Will the value of X0 change if I change the value of X2?,chain_2,7,yes,"Yes, the value of X0 will change if I change the value of X2. This is due to Fact 2."
15,"cause(X3, X4)",Will the value of X4 change if I change the value of X3?,chain_none,7,no,"No, the value of X4 will not change if I change the value of X3. This is based on Fact 3 and Fact 4."
16,"cause(X3, X2)",Will the value of X2 change if I change the value of X3?,chain_none,7,no,"Yes, the value of X2 will change if the value of X3 changes, as mentioned in Fact 2."
17,"cause(X3, X5)",Will the value of X5 change if I change the value of X3?,chain_none,7,no,"No, the value of X5 will not change if the value of X3 is changed. This is evident from Fact 5 which states that when the value of X5 is changed, the value of X0 and X4 changes but not the value of X3."
18,"cause(X3, X1)",Will the value of X1 change if I change the value of X3?,chain_none,7,no,"No, the value of X1 will not change if I change the value of X3. This is due to the fact that there is no direct causal relationship between X1 and X3 according to the given facts."
19,"cause(X3, X0)",Will the value of X0 change if I change the value of X3?,chain_1,7,yes,"Yes, the value of X0 will change if I change the value of X3 because Fact 1 and Fact 3 both state that there is a direct causal relationship between X1 and X3 and X0."
20,"cause(X4, X2)",Will the value of X2 change if I change the value of X4?,chain_none,7,no,"No, the value of X2 will not change if I change the value of X4. This is based on Facts 1-5."
21,"cause(X4, X5)",Will the value of X5 change if I change the value of X4?,chain_none,7,no,"Yes, the value of X5 will change if I change the value of X4, according to Fact 5."
22,"cause(X4, X1)",Will the value of X1 change if I change the value of X4?,chain_none,7,no,"The value of X1 will not change if I change the value of X4. This is because Fact 1 only mentions a relationship between X0 and X1, and not between X1 and X4."
23,"cause(X4, X3)",Will the value of X3 change if I change the value of X4?,chain_none,7,no,"Based on the information given in the facts, it can be inferred that changing the value of X4 will not cause the value of X3 to change. This can be concluded from Fact 3, which states that changing the value of X3 only causes the value of X0 to change."
24,"cause(X4, X0)",Will the value of X0 change if I change the value of X4?,chain_1,7,yes,"Yes, the value of X0 will change if I change the value of X4 because of Fact 4."
25,"cause(X5, X4)",Will the value of X4 change if I change the value of X5?,chain_1,7,yes,"Yes, the value of X4 will change if I change the value of X5, as mentioned in Fact 5."
26,"cause(X5, X2)",Will the value of X2 change if I change the value of X5?,chain_none,7,no,"Based on Fact 5, I would expect the value of X2 to change if the value of X5 changes."
27,"cause(X5, X1)",Will the value of X1 change if I change the value of X5?,chain_none,7,no,Yes. Fact 5
28,"cause(X5, X3)",Will the value of X3 change if I change the value of X5?,chain_none,7,no,"No, the value of X3 will not change if the value of X5 is changed. This is based on Fact 2, which states that when the value of X2 is changed, the value of X0 and X3 change. Since X5 is not mentioned in any of the other facts, we can conclude that it does not have a direct relationship with X3."
29,"cause(X5, X0)",Will the value of X0 change if I change the value of X5?,chain_1,7,yes,"Yes, the value of X0 will change if I change the value of X5 (Fact 5)."
0,"cause(X0, X4)",Will the value of X4 change if I change the value of X0?,chain_none,8,no,"Because of Fact 2, I know that changing the value of X4 will cause the values of X1, X2, and X3 to change. However, I do not know if changing the value of X0 will cause the value of X4 to change because there is no mention of a direct causal relationship between X0 and X4 in any of the facts given."
1,"cause(X0, X2)",Will the value of X2 change if I change the value of X0?,chain_none,8,no,"No, Fact 2 is the only fact that mentions a change in X2."
2,"cause(X0, X5)",Will the value of X5 change if I change the value of X0?,chain_none,8,no,"Facts 1 and 2 show that there is a relationship between X2 and X3, and X4 and X1, X2, X3. X5 is also related to X1. Therefore, it is likely that the value of X5 will change if the value of X0 is changed."
3,"cause(X0, X1)",Will the value of X1 change if I change the value of X0?,chain_none,8,no,No
4,"cause(X0, X3)",Will the value of X3 change if I change the value of X0?,chain_none,8,no,"No, the value of X3 will not change if I change the value of X0. 

This is based on the fact that there is no mention of a direct relationship between X0 and X3 in any of the given facts."
5,"cause(X1, X4)",Will the value of X4 change if I change the value of X1?,chain_none,8,no,"Yes, the value of X4 will change if I change the value of X1 because of Fact 2."
6,"cause(X1, X2)",Will the value of X2 change if I change the value of X1?,chain_none,8,no,"Yes, the value of X2 will change if I change the value of X1 as seen in Fact 2 and Fact 3."
7,"cause(X1, X5)",Will the value of X5 change if I change the value of X1?,chain_none,8,no,Facts 1 and 2 suggest that changing the value of X1 will cause the value of X5 to change.
8,"cause(X1, X3)",Will the value of X3 change if I change the value of X1?,chain_none,8,no,"Yes, based on Fact 1 and Fact 2."
9,"cause(X1, X0)",Will the value of X0 change if I change the value of X1?,chain_none,8,no,"The value of X0 will not change if I change the value of X1. This is because Fact 1 only mentions a direct relationship between X2 and X3, and Fact 2 only mentions direct relationships between X4 and X1, X2, and X3. There is no mention of a direct relationship between X1 and X0 in any of the facts."
10,"cause(X2, X4)",Will the value of X4 change if I change the value of X2?,chain_none,8,no,"Yes, because Fact 2 states that when the value of X4 changes, the values of X1, X2, and X3 also change."
11,"cause(X2, X5)",Will the value of X5 change if I change the value of X2?,chain_none,8,no,"No, the value of X5 will not change if the value of X2 is changed. This can be determined from Fact 1 and Fact 3; when the value of X2 is changed, the value of X3 changes but the value of X5 does not."
12,"cause(X2, X1)",Will the value of X1 change if I change the value of X2?,chain_none,8,no,"Yes, the value of X1 will change if I change the value of X2 because of Fact 2."
13,"cause(X2, X3)",Will the value of X3 change if I change the value of X2?,chain_1,8,yes,"Yes, Fact 1 mentions that when X2 changes, X3 changes."
14,"cause(X2, X0)",Will the value of X0 change if I change the value of X2?,chain_none,8,no,"Fact 0 ensures that all direct causal relationships are mentioned, so yes, the value of X0 will change if the value of X2 changes."
15,"cause(X3, X4)",Will the value of X4 change if I change the value of X3?,chain_none,8,no,"No, Fact 1"
16,"cause(X3, X2)",Will the value of X2 change if I change the value of X3?,chain_none,8,no,"Yes, the value of X2 will change if the value of X3 changes because of Fact 1 and Fact 2."
17,"cause(X3, X5)",Will the value of X5 change if I change the value of X3?,chain_none,8,no,"No, the value of X5 will not change if I change the value of X3. This is based on Fact 1 and Fact 3."
18,"cause(X3, X1)",Will the value of X1 change if I change the value of X3?,chain_none,8,no,"No, the value of X1 will not change if I change the value of X3. This is because there is no direct causal relationship between X1 and X3 according to the facts given."
19,"cause(X3, X0)",Will the value of X0 change if I change the value of X3?,chain_none,8,no,"No, the value of X0 will not change if X3 changes. This is based on Fact 1 and Fact 2."
20,"cause(X4, X2)",Will the value of X2 change if I change the value of X4?,chain_1,8,yes,"Yes, the value of X2 will change if I change the value of X4 according to Fact 2."
21,"cause(X4, X5)",Will the value of X5 change if I change the value of X4?,chain_none,8,no,"No, changing the value of X4 will not change the value of X5. Fact 3 is the only fact that mentions a direct causal relationship between X5 and any other variable, and that relationship is between X5 and X1."
22,"cause(X4, X1)",Will the value of X1 change if I change the value of X4?,chain_1,8,yes,"Yes, the value of X1 will change if the value of X4 changes. This is based on Fact 2 and Fact 3."
23,"cause(X4, X3)",Will the value of X3 change if I change the value of X4?,chain_2,8,yes,"Fact 2: When I change the value of X4, I see that the value of X1, X2, and X3 changes.

Yes, the value of X3 will change if I change the value of X4."
24,"cause(X4, X0)",Will the value of X0 change if I change the value of X4?,chain_none,8,no,"No. Facts 1 and 3 show that X4 and X5 are causally related to X1 and X2 respectively, but there is no indication that X0 is causally related to any of these variables."
25,"cause(X5, X4)",Will the value of X4 change if I change the value of X5?,chain_none,8,no,"No, the value of X4 will not change if X5 changes. This is because Fact 2 states that when the value of X4 changes, the values of X1, X2, and X3 change, and Fact 3 states that when the value of X5 changes, the value of X1 changes. Since X4 does not affect X1, X2, or X3 when X5 changes, the value of X4 will not change."
26,"cause(X5, X2)",Will the value of X2 change if I change the value of X5?,chain_none,8,no,There is not enough information to determine whether or not the value of X2 will change if the value of X5 is changed.
27,"cause(X5, X1)",Will the value of X1 change if I change the value of X5?,chain_1,8,yes,"Yes, the value of X1 will change if I change the value of X5. This is because of Fact 3."
28,"cause(X5, X3)",Will the value of X3 change if I change the value of X5?,chain_none,8,no,"Yes, the value of X3 will change if I change the value of X5, based on Fact 2 and Fact 3."
29,"cause(X5, X0)",Will the value of X0 change if I change the value of X5?,chain_none,8,no,"No, the value of X0 will not change if I change the value of X5. Fact 0 states that all direct causal relationships are mentioned in the following facts, and there is no mention of a direct causal relationship between X0 and X5."
0,"cause(X0, X4)",Will the value of X4 change if I change the value of X0?,chain_none,9,no,"No, the value of X4 will not change if I change the value of X0. This is based on Fact 1 and Fact 2."
1,"cause(X0, X2)",Will the value of X2 change if I change the value of X0?,chain_none,9,no,"No, because there is no direct causal relationship between X2 and X0 mentioned in any of the facts."
2,"cause(X0, X5)",Will the value of X5 change if I change the value of X0?,chain_none,9,no,"No, the value of X5 will not change if I change the value of X0. This is based on Fact 1 and Fact 2."
3,"cause(X0, X1)",Will the value of X1 change if I change the value of X0?,chain_none,9,no,"Because Fact 1 mentions a direct casual relationship between X3 and X1, and because X0 is not mentioned in any of the Facts, it is unlikely that changing the value of X0 would cause a change in the value of X1."
4,"cause(X0, X3)",Will the value of X3 change if I change the value of X0?,chain_none,9,no,"Facts 1 and 2 both mention that changes to X3 result in changes to X1 and X4, so it's likely that changing the value of X0 would also cause a change in X3."
5,"cause(X1, X4)",Will the value of X4 change if I change the value of X1?,chain_none,9,no,"Yes, Fact 1"
6,"cause(X1, X2)",Will the value of X2 change if I change the value of X1?,chain_none,9,no,"Yes, because when the value of X3 changes, X1 and X4 also change."
7,"cause(X1, X5)",Will the value of X5 change if I change the value of X1?,chain_none,9,no,"No, the value of X5 will not change if I change the value of X1. This is based on Fact 1 and Fact 2."
8,"cause(X1, X3)",Will the value of X3 change if I change the value of X1?,chain_none,9,no,"Yes, the value of X3 will change if I change the value of X1, because this relationship is mentioned in Fact 1."
9,"cause(X1, X0)",Will the value of X0 change if I change the value of X1?,chain_none,9,no,"No, the value of X0 will not change if I change the value of X1. This is because Fact 1 only mentions a relationship between X3 and X1, and not X0 and X1."
10,"cause(X2, X4)",Will the value of X4 change if I change the value of X2?,chain_none,9,no,"No, the value of X4 will not change if I change the value of X2. This is based on Fact 1 and Fact 2."
11,"cause(X2, X5)",Will the value of X5 change if I change the value of X2?,chain_none,9,no,"No, there is no direct causal relationship between X2 and X5."
12,"cause(X2, X1)",Will the value of X1 change if I change the value of X2?,chain_none,9,no,"Based on Fact 1, I would say that the answer is yes--if X3 changes, then X1 and X4 change."
13,"cause(X2, X3)",Will the value of X3 change if I change the value of X2?,chain_none,9,no,It is impossible to determine whether or not the value of X3 will change if the value of X2 changes without further information.
14,"cause(X2, X0)",Will the value of X0 change if I change the value of X2?,chain_none,9,no,"Yes, the value of X0 will change if I change the value of X2 because of Fact 1 and Fact 2."
15,"cause(X3, X4)",Will the value of X4 change if I change the value of X3?,chain_1,9,yes,"Yes, the value of X4 will change if I change the value of X3 based on Fact 1."
16,"cause(X3, X2)",Will the value of X2 change if I change the value of X3?,chain_none,9,no,"Yes, because Fact 1 mentions that when X3 changes, X1 and X4 change, and Fact 2 mentions that when X4 changes, X2 changes."
17,"cause(X3, X5)",Will the value of X5 change if I change the value of X3?,chain_none,9,no,"Yes, because when the value of X3 changes, the value of X4 changes, and when the value of X4 changes, the value of X5 changes. (Facts 1 and 2)"
18,"cause(X3, X1)",Will the value of X1 change if I change the value of X3?,chain_1,9,yes,"YES, Fact 1"
19,"cause(X3, X0)",Will the value of X0 change if I change the value of X3?,chain_none,9,no,"Yes, the value of X0 will change if I change the value of X3, as seen in Fact 1."
20,"cause(X4, X2)",Will the value of X2 change if I change the value of X4?,chain_none,9,no,"From Fact 1, we can see that there is a direct relationship between X3 and X4, and from Fact 2, we can see that there is a direct relationship between X5 and X4. Therefore, we can conclude that the value of X2 will not change if we change the value of X4."
21,"cause(X4, X5)",Will the value of X5 change if I change the value of X4?,chain_none,9,no,Facts 1 and 2
22,"cause(X4, X1)",Will the value of X1 change if I change the value of X4?,chain_none,9,no,"Yes, the value of X1 will change if the value of X4 changes, based on Fact 1."
23,"cause(X4, X3)",Will the value of X3 change if I change the value of X4?,chain_none,9,no,"Yes, the value of X3 will change if I change the value of X4. This is because of Fact 1 and Fact 2."
24,"cause(X4, X0)",Will the value of X0 change if I change the value of X4?,chain_none,9,no,"No, the value of X0 will not change if I change the value of X4. This is based on Fact 0 which mentions all direct causal relationships."
25,"cause(X5, X4)",Will the value of X4 change if I change the value of X5?,chain_1,9,yes,"Yes, the value of X4 will change if I change the value of X5. The value of X4 is directly impacted by the value of X5 according to Fact 2."
26,"cause(X5, X2)",Will the value of X2 change if I change the value of X5?,chain_none,9,no,"No, the value of X2 will not change if the value of X5 is changed. This is based on Fact 1 and Fact 2."
27,"cause(X5, X1)",Will the value of X1 change if I change the value of X5?,chain_none,9,no,"No, the value of X1 will not change if the value of X5 changes. This is because Fact 1 states that when the value of X3 changes, the values of X1 and X4 change, but Fact 2 states that when the value of X5 changes, the value of X4 changes. There is no mention of X1 changing when X5 changes, so we can infer that the value of X1 will not change."
28,"cause(X5, X3)",Will the value of X3 change if I change the value of X5?,chain_none,9,no,No. Facts 1 and 2 show that X3 is not directly affected by X5.
29,"cause(X5, X0)",Will the value of X0 change if I change the value of X5?,chain_none,9,no,"No, the value of X0 will not change if the value of X5 changes. This is concluded from Fact 1 and Fact 2."
